D.O.B,Time,Gender,location,District,state
1967-10-01,17:00:00,Male,Town Kotha road,Visakhapatnam,Andhra pradesh
1972-01-15,09:20:00,Male,ponduru,Srikakulam,Andhra pradesh
1972-12-17,07:45:00,Male,Kothapeta,Vizianagaram,Andhra pradesh
1974-06-15,06:30:00,Male,ponduru,Srikakulam,Andhra pradesh
1974-12-16,04:00:00,Male,Gajuwaka,Visakhapatnam,Andhra pradesh
1975-11-03,06:00:00,Male,Chennnai,chennai,Andhra pradesh
1976-08-18,20:10:00,Female,Kothapeta,Vizianagaram,Andhra pradesh
1976-12-18,03:30:00,Female,Parvathipuram,Vizianagaram,Andhra pradesh
1977-12-25,12:05:00,Male,Railway hospital,Visakhapatnam,Andhra pradesh
1978-03-27,06:30:00,Male,Bhimili,Visakhapatnam,Andhra pradesh
1978-07-05,07:35:00,Male,Purnamarket,Visakhapatnam,Andhra pradesh
1979-06-08,03:00:00,Male,BC colony,Vizianagaram,Andhra pradesh
1980-02-09,11:10:00,Female,ponduru,Srikakulam,Andhra pradesh
1980-04-05,17:30:00,Female,Town Kotha road,Visakhapatnam,Andhra pradesh
1980-07-11,01:00:00,Female,Town Kotha road,Visakhapatnam,Andhra pradesh
1983-04-30,14:15:00,Male,Gajuwaka,Visakhapatnam,Andhra pradesh
1984-05-05,15:30:00,Female,Gunupur,Visakhapatnam,odisha
1985-02-10,04:20:00,Female,Gajuwaka,Visakhapatnam,Andhra pradesh
1985-04-19,21:30:00,Female,Kancharapalem,Visakhapatnam,Andhra pradesh
1985-05-25,02:25:00,Male,vepada,Vizianagaram,Andhra pradesh
1987-11-15,08:10:00,Female,Kancharapalem,Visakhapatnam,Andhra pradesh
1988-01-01,05:00:00,Male,Kotiya,Darbanga,Bihar
1988-07-10,12:00:00,Female,BC colony,Vizianagaram,Andhra pradesh
1989-10-17,05:05:00,Female,jute mill,Vizianagaram,Andhra pradesh
1990-03-09,13:04:00,Female,New colony,Visakhapatnam,Andhra pradesh
1990-10-03,07:20:00,Female,Kancharapalem,Visakhapatnam,Andhra pradesh
1991-01-01,04:39:00,Male,Ramabhadrapuram,Vizianagaram,Andhra pradesh
1992-02-15,16:20:00,Male,Balaga Hospital,Srikakulam,Andhra pradesh
1992-04-13,14:30:00,Male,M.V.P colony,Visakhapatnam,Andhra pradesh
1992-09-07,06:50:00,Female,palasa,Srikakulam,Andhra pradesh
1992-09-13,11:00:00,Female,NAD ,Visakhapatnam,Andhra pradesh
1992-10-03,05:50:00,Female,Allipuram,Visakhapatnam,Andhra pradesh
1992-10-08,16:35:00,Male,Anakapalli,Visakhapatnam,Andhra pradesh
1995-01-20,01:00:00,Male,Gajuwaka,Visakhapatnam,Andhra pradesh
1995-05-31,02:00:00,Male,Narsipatnam,Visakhapatnam,Andhra pradesh
1995-10-18,20:25:00,Male,Town Kotha road,Visakhapatnam,Andhra pradesh
1996-01-16,16:30:00,Male,Gajuwaka,Visakhapatnam,Andhra pradesh
1996-08-15,09:10:00,Male,Kothapeta,Vizianagaram,Andhra pradesh
1996-11-11,08:10:00,Male,Town Kotha road,Visakhapatnam,Andhra pradesh
1996-12-10,09:45:00,Female,Gajuwaka,Visakhapatnam,Andhra pradesh
1997-05-10,03:30:00,Male,Ramabhadrapuram,Vizianagaram,Andhra pradesh
1997-06-08,04:00:00,Male,Jadagam,Jadagam,West Bengal
1997-08-12,14:30:00,Female,uttaravalli,Vizianagaram,Andhra pradesh
1997-11-10,03:00:00,Female,K.G.H Hospital,Visakhapatnam,Andhra pradesh
1998-08-29,22:20:00,Male,Akkayapalem,Visakhapatnam,Andhra pradesh
1998-12-05,16:00:00,Male,Golla veedhi,Visakhapatnam,Andhra pradesh
1999-05-21,00:00:00,Female,uttaravalli,Vizianagaram,Andhra pradesh
2000-05-04,13:43:00,Female,Palasa,Srikakulam,Andhra pradesh
2000-11-20,23:45:00,Male,Kancharapalem,Visakhapatnam,Andhra pradesh
2000-11-24,15:30:00,Male,Kancharapalem,Visakhapatnam,Andhra pradesh
2001-02-21,04:25:00,Male,Kancharapalem,Visakhapatnam,Andhra pradesh
2001-05-17,12:35:00,Male,Chodavaram,Visakhapatnam,Andhra pradesh
2001-06-01,14:20:00,Male,Akkayapalem,Visakhapatnam,Andhra pradesh
2001-08-30,17:30:00,Male,Bobbili,Vizianagaram,Andhra pradesh
2001-11-22,12:00:00,Male,K.G.H Hospital,Visakhapatnam,Andhra pradesh
2001-12-19,13:20:00,Male,Adharshnagar,Visakhapatnam,Andhra pradesh
2001-12-20,06:30:00,Male,Amalapuram,East Godavari,Andhra pradesh
2002-01-29,12:10:00,Female,M.V.P colony,Visakhapatnam,Andhra pradesh
2002-02-15,19:11:00,Male,Bany,chhatra,Jharkand
2002-06-14,19:20:00,Male,Town Kotha road,Visakhapatnam,Andhra pradesh
2002-08-05,14:00:00,Male,Bany,chhatra,Jharkand
2002-09-12,05:30:00,Male,Diamond park,Visakhapatnam,Andhra pradesh
2003-04-29,20:45:00,Male,K.G.H Hospital,Visakhapatnam,Andhra pradesh
2003-05-15,05:20:00,Male,Dwaraka nagar,Visakhapatnam,Andhra pradesh
2003-08-12,05:40:00,Female,Kala Hospital,Visakhapatnam,Andhra pradesh
2003-10-18,06:55:00,Female,Town Kotha road,Visakhapatnam,Andhra pradesh
2003-11-12,12:30:00,Female,Gunupur,Rayagada,odisha
2003-11-21,07:50:00,Female,Gunupur,Rayagada,odisha
2003-12-15,10:20:00,Female,Kancharapalem,Visakhapatnam,Andhra pradesh
2003-12-31,21:30:00,Male,Akkayapalem,Visakhapatnam,Andhra pradesh
2004-01-01,02:00:00,Male,Lakhey,Ahzaribang,Jharkand
2004-01-29,02:20:00,Male,M.V.P colony,Visakhapatnam,Andhra pradesh
2004-10-26,04:10:00,Female,Pedda waltair,Visakhapatnam,Andhra pradesh
2004-11-18,09:20:00,Male,K.G.H Hospital,Visakhapatnam,Andhra pradesh
2004-12-15,11:35:00,Female,Kala Hospital,Visakhapatnam,Andhra pradesh
2004-12-16,13:40:00,Female,Narasannapeta,Srikakulam,Andhra pradesh
2005-05-31,00:30:00,Male,Gajuwaka,Visakhapatnam,Andhra pradesh
2005-08-30,04:20:00,Male,Akkayapalem,Visakhapatnam,Andhra pradesh
2005-09-05,15:00:00,Female,Rourkela,Sundergarh,odisha
2005-10-02,19:20:00,Female,Diamond park,visakhapatnam,Andhra pradesh
2005-10-29,09:00:00,Male,Parvathipuram,Vizianagaram,Andhra pradesh
2006-01-08,01:00:00,Male,Gajuwaka,Visakhapatnam,Andhra pradesh
2006-03-31,13:20:00,Female,Gajuwaka,Visakhapatnam,Andhra pradesh
2006-04-14,00:30:00,Female,Town Kotha road,Visakhapatnam,Andhra pradesh
2006-04-14,12:31:00,Male,Gajuwaka,Visakhapatnam,Andhra pradesh
2006-04-15,21:00:00,Male,Town Kotha road,Visakhapatnam,Andhra pradesh
2006-04-22,08:40:00,Female,Jagadamba,Visakhapatnam,Andhra pradesh
2006-04-26,23:30:00,Male,K.G.H Hospital,Visakhapatnam,Andhra pradesh
2006-05-22,08:00:00,Male,K.G.H Hospital,Visakhapatnam,Andhra pradesh
2006-06-03,13:00:00,Male,Tuni,Visakhapatnam,Andhra pradesh
2006-06-18,22:40:00,Female,Kancharapalem,Visakhapatnam,Andhra pradesh
2006-06-20,18:20:00,Female,K.G.H Hospital,Visakhapatnam,Andhra pradesh
2006-06-21,07:10:00,Male,K.G.H Hospital,Visakhapatnam,Andhra pradesh
2006-07-01,04:00:00,Female,Gunupur,Rayagada,odisha
2006-07-01,12:30:00,Female,Gunupur,Rayagada,odisha
2006-07-03,00:40:00,Male,Town Kotha road,Visakhapatnam,Andhra pradesh
2006-07-12,18:00:00,Female,Kancharapalem,Visakhapatnam,Andhra pradesh
2006-07-28,12:00:00,Female,Rajamundry,East Godavari,Andhra pradesh
2006-09-06,11:45:00,Female,Town Kotha road,Visakhapatnam,Andhra pradesh
2006-10-07,09:10:00,Male,K.G.H Hospital,Visakhapatnam,Andhra pradesh
2006-11-10,11:30:00,Female,RIMS,Srikakulam,Andhra pradesh
2006-12-27,13:10:00,Female,Kancharapalem,Visakhapatnam,Andhra pradesh
2007-01-10,23:30:00,Male,Gajuwaka,Visakhapatnam,Andhra pradesh
2007-01-23,09:40:00,Male,Town Kotha road,Visakhapatnam,Andhra pradesh
2007-02-16,03:30:00,Female,Jagadamba,Visakhapatnam,Andhra pradesh
2007-02-23,16:00:00,Female,New colony,Visakhapatnam,Andhra pradesh
2007-04-23,14:00:00,Female,K.G.H Hospital,Visakhapatnam,Andhra pradesh
2007-05-06,22:00:00,Male,Gajuwaka,Visakhapatnam,Andhra pradesh
2007-07-03,19:00:00,Male,Gajuwaka,Visakhapatnam,Andhra pradesh
2007-11-30,13:00:00,Female,M.V.P colony,Visakhapatnam,Andhra pradesh
2008-03-21,08:30:00,Female,Parvathipuram,Vizianagaram,Andhra pradesh
2008-06-26,11:30:00,Female,K.G.H Hospital,Visakhapatnam,Andhra pradesh
2008-08-26,15:00:00,Male,Town Kotha road,Visakhapatnam,Andhra pradesh
2008-10-14,15:05:00,Male,Maddilapalem,Visakhapatnam,Andhra pradesh
2008-11-14,15:00:00,Male,K.G.H Hospital,Visakhapatnam,Andhra pradesh
2008-11-29,00:30:00,Female,Town Kotha road,Visakhapatnam,Andhra pradesh
2009-01-30,06:20:00,Female,Jagadamba,Visakhapatnam,Andhra pradesh
2009-06-26,10:30:00,Female,Akkayapalem,Visakhapatnam,Andhra pradesh
2009-07-07,11:45:00,Female,M.V.P colony,Visakhapatnam,Andhra pradesh
2009-07-19,06:20:00,Female,K.G.H Hospital,Visakhapatnam,Andhra pradesh
2009-12-17,05:00:00,Female,Gajuwaka,Visakhapatnam,Andhra pradesh
2010-02-02,15:10:00,Male,Daba gardens,Visakhapatnam,Andhra pradesh
2010-02-03,09:10:00,Male,Akkayapalem,Visakhapatnam,Andhra pradesh
2010-02-28,10:30:00,Female,rajam ,Srikakulam,Andhra pradesh
2010-07-03,05:00:00,Female,Sanapalvani peta,Srikakulam,Andhra pradesh
2010-07-03,19:10:00,Female,kachach,Visakhapatnam,Andhra pradesh
2010-08-18,23:30:00,Male,Rourkela,Sundergarh,odisha
2010-10-23,15:35:00,Male,New colony,Visakhapatnam,Andhra pradesh
2010-11-02,10:30:00,Male,Town Kotha road,Visakhapatnam,Andhra pradesh
2010-11-11,20:00:00,Female,K.G.H Hospital,Visakhapatnam,Andhra pradesh
2010-12-19,09:20:00,Female,Sivaji hospital,Srikakulam,Andhra pradesh
2010-12-24,08:00:00,Female,Parvathipuram,Vizianagaram,Andhra pradesh
2011-01-21,22:00:00,Male,Anakapalli,Visakhapatnam,Andhra pradesh
2011-02-09,11:20:00,Female,K.G.H Hospital,Visakhapatnam,Andhra pradesh
2011-02-24,06:55:00,Female,kakinada ,Visakhapatnam,Andhra pradesh
2011-03-10,22:30:00,Female,Jagadamba,Visakhapatnam,Andhra pradesh
2011-03-10,01:40:00,Female,Town Kotha road,Visakhapatnam,Andhra pradesh
2011-03-10,10:20:00,Female,Town Kotha road,Visakhapatnam,Andhra pradesh
2011-03-14,20:35:00,Male,RIMS,Srikakulam,Andhra pradesh
2011-05-14,00:00:00,Male,Town Kotha road,Visakhapatnam,Andhra pradesh
2011-05-21,06:35:00,Male,Town Kotha road,Visakhapatnam,Andhra pradesh
2011-06-06,17:30:00,Female,Amalapuram,Visakhapatnam,Andhra pradesh
2011-09-02,12:16:00,Male,Marripalem,Visakhapatnam,Andhra pradesh
2011-09-02,06:30:00,Female,Gajuwaka,Visakhapatnam,Andhra pradesh
2011-09-06,14:30:00,Male,Town Kotha road,Visakhapatnam,Andhra pradesh
2011-11-06,22:00:00,Male,kotapadu,Visakhapatnam,Andhra pradesh
2011-11-22,14:30:00,Male,K.G.H Hospital,Visakhapatnam,Andhra pradesh
2012-05-06,04:45:00,Male,Town Kotha road,Visakhapatnam,Andhra pradesh
2012-09-12,02:00:00,Male,Madgula,Visakhapatnam,Andhra pradesh
2012-09-21,09:00:00,Female,K.G.H Hospital,Visakhapatnam,Andhra pradesh
2012-09-30,11:50:00,Female,Sanapalvani peta,Srikakulam,Andhra pradesh
2012-11-10,09:20:00,Male,Narasannapeta,Srikakulam,Andhra pradesh
2013-01-06,12:24:00,Male,kakinada ,Visakhapatnam,Andhra pradesh
2013-02-02,19:30:00,Female,Akkayapalem,Visakhapatnam,Andhra pradesh
2013-06-07,16:45:00,Male,NAD ,Visakhapatnam,Andhra pradesh
2014-02-16,04:30:00,Female,Town Kotha road,Visakhapatnam,Andhra pradesh
2014-04-16,06:30:00,Female,Akkayapalem,Visakhapatnam,Andhra pradesh
2014-06-09,18:00:00,Male,rajam ,Srikakulam,Andhra pradesh
2014-07-06,10:53:00,Male,Jagadamba,Visakhapatnam,Andhra pradesh
2014-07-06,03:30:00,Male,Town Kotha road,Visakhapatnam,Andhra pradesh
2014-07-06,21:00:00,Male,Town Kotha road,Visakhapatnam,Andhra pradesh
2014-10-10,10:20:00,Female,Purnamarket,Visakhapatnam,Andhra pradesh
2014-10-11,22:20:00,Female,K.G.H Hospital,Visakhapatnam,Andhra pradesh
2014-12-20,11:20:00,Female,Gajuwaka,Visakhapatnam,Andhra pradesh
2015-02-12,05:30:00,Female,Parvathipuram,Vizianagaram,Andhra pradesh
2015-05-25,04:40:00,Female,Jagadamba,Visakhapatnam,Andhra pradesh
2015-07-07,11:00:00,Female,Purnamarket,Visakhapatnam,Andhra pradesh
2015-10-08,16:30:00,Female,seepanaidu peta,Srikakulam,Andhra pradesh
2016-02-01,16:40:00,female,K.G.H Hospital,Visakhapatnam,Andhra pradesh
2016-02-05,10:20:00,Male,K.G.H Hospital,Visakhapatnam,Andhra pradesh
2016-02-18,15:20:00,Female,K.G.H Hospital,Visakhapatnam,Andhra pradesh
2016-03-24,22:52:00,Male,Garividi PHC,Vizianagaram,Andhra pradesh
2016-03-29,11:36:00,Male,Garividi PHC,Vizianagaram,Andhra pradesh
2016-04-06,09:00:00,Male,Garividi PHC,Vizianagaram,Andhra pradesh
2016-04-09,23:45:00,Female,Garividi PHC,Vizianagaram,Andhra pradesh
2016-04-10,00:30:00,Female,Garividi PHC,Vizianagaram,Andhra pradesh
2016-04-11,09:30:00,Female,Garividi PHC,Vizianagaram,Andhra pradesh
2016-04-16,19:00:00,Male,Garividi PHC,Vizianagaram,Andhra pradesh
2016-04-16,21:00:00,Female,Garividi PHC,Vizianagaram,Andhra pradesh
2016-04-18,13:45:00,Male,Garividi PHC,Vizianagaram,Andhra pradesh
2016-04-21,04:12:00,Male,Garividi PHC,Vizianagaram,Andhra pradesh
2016-04-30,12:19:00,Male,Garividi PHC,Vizianagaram,Andhra pradesh
2016-05-14,09:00:00,Male,Garividi PHC,Vizianagaram,Andhra pradesh
2016-05-23,01:40:00,Male,Garividi PHC,Vizianagaram,Andhra pradesh
2016-05-26,14:35:00,Male,Garividi PHC,Vizianagaram,Andhra pradesh
2016-06-01,05:57:00,Male,Garividi PHC,Vizianagaram,Andhra pradesh
2016-06-10,15:55:00,Female,Garividi PHC,Vizianagaram,Andhra pradesh
2016-06-10,17:35:00,Female,Garividi PHC,Vizianagaram,Andhra pradesh
2016-06-14,05:43:00,Female,Garividi PHC,Vizianagaram,Andhra pradesh
2016-06-18,10:30:00,Female,Water tank,Vizianagaram,Andhra pradesh
2016-07-01,08:00:00,Female,Kancharapalem,Visakhapatnam,Andhra pradesh
2016-07-06,18:34:00,Female,Garividi PHC,Vizianagaram,Andhra pradesh
2016-07-08,01:45:00,Male,Garividi PHC,Vizianagaram,Andhra pradesh
2016-07-12,18:45:00,Male,Garividi PHC,Vizianagaram,Andhra pradesh
2016-07-14,23:06:00,Male,Garividi PHC,Vizianagaram,Andhra pradesh
2016-07-16,11:30:00,Male,NAD ,Visakhapatnam,Andhra pradesh
2016-07-19,09:30:00,Male,Garividi PHC,Vizianagaram,Andhra pradesh
2016-07-25,19:35:00,Female,Garividi PHC,Vizianagaram,Andhra pradesh
2016-07-27,09:50:00,Male,Garividi PHC,Vizianagaram,Andhra pradesh
2016-07-27,12:03:00,Male,Garividi PHC,Vizianagaram,Andhra pradesh
2016-08-02,07:42:00,Male,Garividi PHC,Vizianagaram,Andhra pradesh
2016-08-02,13:04:00,Male,Garividi PHC,Vizianagaram,Andhra pradesh
2016-08-03,12:28:00,Male,Garividi PHC,Vizianagaram,Andhra pradesh
2016-09-14,07:06:00,Male,Garividi PHC,Vizianagaram,Andhra pradesh
2016-09-15,15:48:00,Female,Garividi PHC,Vizianagaram,Andhra pradesh
2016-09-29,11:20:00,Female,K.G.H Hospital,Visakhapatnam,Andhra pradesh
2016-10-03,05:26:00,Female,Garividi PHC,Vizianagaram,Andhra pradesh
2016-10-08,23:30:00,Female,S.kota,Visakhapatnam,Andhra pradesh
2016-10-13,03:25:00,Male,Garividi PHC,Vizianagaram,Andhra pradesh
2016-10-14,13:30:00,Female,Garividi PHC,Vizianagaram,Andhra pradesh
2016-10-25,10:30:00,Female,Parvathipuram,Vizianagaram,Andhra pradesh
2017-01-23,06:15:00,Female,Akkayapalem,Visakhapatnam,Andhra pradesh
2017-01-25,10:51:00,Male,Garividi PHC,Vizianagaram,Andhra pradesh
2017-01-29,16:50:00,Male,Garividi PHC,Vizianagaram,Andhra pradesh
2017-01-31,00:35:00,Female,Garividi PHC,Vizianagaram,Andhra pradesh
2017-01-31,04:08:00,Male,Garividi PHC,Vizianagaram,Andhra pradesh
2017-02-01,09:25:00,Female,Garividi PHC,Vizianagaram,Andhra pradesh
2017-02-01,12:40:00,Male,Garividi PHC,Vizianagaram,Andhra pradesh
2017-02-02,11:16:00,Male,Garividi PHC,Vizianagaram,Andhra pradesh
2017-02-08,03:45:00,Female,Garividi PHC,Vizianagaram,Andhra pradesh
2017-02-20,16:10:00,Female,Garividi PHC,Vizianagaram,Andhra pradesh
2017-02-21,17:30:00,Female,Garividi PHC,Vizianagaram,Andhra pradesh
2017-02-22,01:57:00,Female,Garividi PHC,Vizianagaram,Andhra pradesh
2017-02-23,11:31:00,Female,Garividi PHC,Vizianagaram,Andhra pradesh
2017-02-24,17:24:00,Female,Garividi PHC,Vizianagaram,Andhra pradesh
2017-02-28,14:10:00,Female,Garividi PHC,Vizianagaram,Andhra pradesh
2017-03-07,07:10:00,Male,Garividi PHC,Vizianagaram,Andhra pradesh
2017-03-10,03:15:00,Female,Garividi PHC,Vizianagaram,Andhra pradesh
2017-03-10,21:55:00,Male,Garividi PHC,Vizianagaram,Andhra pradesh
2017-03-11,12:43:00,Male,Garividi PHC,Vizianagaram,Andhra pradesh
2017-03-17,07:31:00,Female,Garividi PHC,Vizianagaram,Andhra pradesh
2017-03-19,19:55:00,Male,Garividi PHC,Vizianagaram,Andhra pradesh
2017-03-19,20:30:00,Male,Garividi PHC,Vizianagaram,Andhra pradesh
2017-03-28,15:35:00,Male,Town Kotha road,Visakhapatnam,Andhra pradesh
2018-03-22,02:40:00,Male,Town Kotha road,Visakhapatnam,Andhra pradesh
2018-04-26,23:39:00,Female,K.G.H Hospital,Visakhapatnam,Andhra pradesh
2018-06-30,17:15:00,Female,Town Kotha road,Visakhapatnam,Andhra pradesh
2018-07-11,08:30:00,Male,Jagadamba,Visakhapatnam,Andhra pradesh
2018-11-12,21:30:00,Male,K.G.H Hospital,Visakhapatnam,Andhra pradesh
2018-12-15,10:00:00,Female,Parvathipuram,Vizianagaram,Andhra pradesh
2019-02-21,18:48:00,Male,seepanaidu peta,Srikakulam,Andhra pradesh
2019-02-25,00:30:00,Male,K.G.H Hospital,Visakhapatnam,Andhra pradesh
2019-04-07,21:14:00,Female,Garividi PHC,Vizianagaram,Andhra pradesh
2019-05-02,02:20:00,Female,Garividi PHC,Vizianagaram,Andhra pradesh
2019-05-17,01:22:00,Female,Garividi PHC,Vizianagaram,Andhra pradesh
2019-05-30,00:46:00,Male,Garividi PHC,Vizianagaram,Andhra pradesh
2019-06-16,09:30:00,Female,K.G.H Hospital,Visakhapatnam,Andhra pradesh
2019-06-17,02:17:00,Female,Garividi PHC,Vizianagaram,Andhra pradesh
2019-06-20,04:40:00,Female,Garividi PHC,Vizianagaram,Andhra pradesh
2019-06-20,15:20:00,Male,Garividi PHC,Vizianagaram,Andhra pradesh
2019-06-22,17:30:00,Male,Garividi PHC,Vizianagaram,Andhra pradesh
2019-06-30,10:32:00,Male,Garividi PHC,Vizianagaram,Andhra pradesh
2019-07-09,04:29:00,Male,Garividi PHC,Vizianagaram,Andhra pradesh
2019-07-09,20:49:00,Male,Garividi PHC,Vizianagaram,Andhra pradesh
2019-07-22,07:41:00,Male,Garividi PHC,Vizianagaram,Andhra pradesh
2019-08-07,04:47:00,Male,Garividi PHC,Vizianagaram,Andhra pradesh
2019-08-07,23:48:00,Male,Garividi PHC,Vizianagaram,Andhra pradesh
2019-08-15,04:50:00,Male,Garividi PHC,Vizianagaram,Andhra pradesh
2019-09-24,18:42:00,Female,Garividi PHC,Vizianagaram,Andhra pradesh
2019-09-29,07:42:00,Male,Garividi PHC,Vizianagaram,Andhra pradesh
2019-10-09,23:25:00,Female,Garividi PHC,Vizianagaram,Andhra pradesh
2019-10-18,20:10:00,Female,Garividi PHC,Vizianagaram,Andhra pradesh
2019-10-21,08:30:00,Male,Garividi PHC,Vizianagaram,Andhra pradesh
2019-10-29,21:23:00,Female,Garividi PHC,Vizianagaram,Andhra pradesh
2019-10-31,13:01:00,Male,Garividi PHC,Vizianagaram,Andhra pradesh
2019-11-01,18:01:00,Female,Garividi PHC,Vizianagaram,Andhra pradesh
2019-11-10,02:08:00,Female,Garividi PHC,Vizianagaram,Andhra pradesh
2019-11-26,03:00:00,Male,Garividi PHC,Vizianagaram,Andhra pradesh
2019-11-28,01:16:00,Male,Garividi PHC,Vizianagaram,Andhra pradesh
2019-11-30,04:35:00,Male,Garividi PHC,Vizianagaram,Andhra pradesh
2019-12-02,20:35:00,Female,Garividi PHC,Vizianagaram,Andhra pradesh
2019-12-08,00:17:00,Male,Garividi PHC,Vizianagaram,Andhra pradesh
2019-12-29,16:48:00,Female,Garividi PHC,Vizianagaram,Andhra pradesh
2020-01-18,12:30:00,Male,Parvathipuram,Vizianagaram,Andhra pradesh
2020-02-01,05:15:00,Female,Garividi PHC,Vizianagaram,Andhra pradesh
2020-03-03,14:44:00,Male,Garividi PHC,Vizianagaram,Andhra pradesh
2020-03-23,07:20:00,Female,Garividi PHC,Vizianagaram,Andhra pradesh
2020-04-11,09:26:00,Female,Garividi PHC,Vizianagaram,Andhra pradesh
2020-04-24,06:30:00,Male,Garividi PHC,Vizianagaram,Andhra pradesh
2020-05-11,17:17:00,Male,Garividi PHC,Vizianagaram,Andhra pradesh
2020-05-12,13:13:00,Male,Garividi PHC,Vizianagaram,Andhra pradesh
2020-05-20,18:14:00,Male,Garividi PHC,Vizianagaram,Andhra pradesh
2020-05-26,23:17:00,Male,Garividi PHC,Vizianagaram,Andhra pradesh
2020-06-06,08:29:00,Male,Garividi PHC,Vizianagaram,Andhra pradesh
2020-06-11,19:24:00,Male,Garividi PHC,Vizianagaram,Andhra pradesh
2020-07-15,08:33:00,Female,Garividi PHC,Vizianagaram,Andhra pradesh
2020-07-20,08:30:00,Male,Garividi PHC,Vizianagaram,Andhra pradesh
2020-07-24,06:22:00,Female,Garividi PHC,Vizianagaram,Andhra pradesh
2020-07-24,21:23:00,Female,Garividi PHC,Vizianagaram,Andhra pradesh
2020-08-03,22:41:00,Female,Garividi PHC,Vizianagaram,Andhra pradesh
2020-08-09,16:00:00,Female,Garividi PHC,Vizianagaram,Andhra pradesh
2020-08-23,13:29:00,Male,Garividi PHC,Vizianagaram,Andhra pradesh
2020-08-24,21:00:00,Male,Garividi PHC,Vizianagaram,Andhra pradesh
2020-10-16,09:00:00,Female,Garividi PHC,Vizianagaram,Andhra pradesh
2020-10-29,03:33:00,Female,Garividi PHC,Vizianagaram,Andhra pradesh
2020-12-03,03:00:00,Female,Garividi PHC,Vizianagaram,Andhra pradesh
2020-12-09,08:50:00,Female,Kancharapalem,Visakhapatnam,Andhra pradesh
2020-12-09,16:30:00,Female,Garividi PHC,Vizianagaram,Andhra pradesh
2020-12-31,05:07:00,Female,Garividi PHC,Vizianagaram,Andhra pradesh
2021-01-10,05:45:00,Male,Sanapalvani peta,Srikakulam,Andhra pradesh
2021-01-17,01:06:00,Male,Garividi PHC,Vizianagaram,Andhra pradesh
2021-01-18,06:10:00,Female,Garividi PHC,Vizianagaram,Andhra pradesh
2021-02-09,00:02:00,Female,Garividi PHC,Vizianagaram,Andhra pradesh
2021-03-26,04:00:00,Female,Garividi PHC,Vizianagaram,Andhra pradesh
2021-03-29,04:19:00,Male,Garividi PHC,Vizianagaram,Andhra pradesh
2021-05-05,12:45:00,Female,Town Kotha road,Visakhapatnam,Andhra pradesh
2021-05-28,17:52:00,Female,Garividi PHC,Visakhapatnam,Andhra pradesh
2021-06-24,00:40:00,Female,Garividi PHC,Vizianagaram,Andhra pradesh
2021-07-11,02:35:00,Male,Garividi PHC,Vizianagaram,Andhra pradesh
2021-07-13,02:20:00,Male,Garividi PHC,Vizianagaram,Andhra pradesh
2021-07-13,02:20:00,Male,Garividi PHC,Vizianagaram,Andhra pradesh
2021-07-26,20:10:00,Male,Gajuwaka,Visakhapatnam,Andhra pradesh
2021-08-01,07:30:00,Female,Garividi PHC,Vizianagaram,Andhra pradesh
2021-11-17,19:10:00,Female,kakinada ,Visakhapatnam,Andhra pradesh
2013-11-06,11:56:00,Female,Town Kotha road,Visakhapatnam,Andhra pradesh
2002-09-12,05:30:00,Male,Diamond park,Visakhapatnam,Andhra pradesh
2005-10-02,19:20:00,Female,Diamond park,Visakhapatnam,Andhra pradesh
2003-11-21,12:30:00,Female,Gunupur,Rayagada,odisha
2006-07-01,04:00:00,Female,Gunupur,Rayagada,odisha
2005-09-05,15:00:00,Female,Rourkela,Sundergarh,odisha
2010-08-18,23:30:00,Male,Rourkela,Sundergarh,odisha
2011-03-10,22:30:00,Female,Jagadamba,Visakhapatnam,Andhra pradesh
2014-07-06,10:53:00,Male,Jagadamba,Visakhapatnam,Andhra pradesh
2014-10-10,10:20:00,Female,Purnamarket,Visakhapatnam,Andhra pradesh
2015-07-07,11:00:00,Female,Purnamarket,Visakhapatnam,Andhra pradesh
2005-08-30,04:20:00,Male,Akkayapalem,Visakhapatnam,Andhra pradesh
1985-04-19,21:30:00,Female,Kancharapalem,Visakhapatnam,Andhra pradesh
1990-10-03,07:20:00,Female,Kancharapalem,Visakhapatnam,Andhra pradesh
1987-11-15,08:10:00,Female,Kancharapalem,Visakhapatnam,Andhra pradesh
2003-12-31,21:30:00,Male,Akkayapalem,Visakhapatnam,Andhra pradesh
2003-05-15,05:20:00,Male,Dwaraka nagar,Visakhapatnam,Andhra pradesh
2004-10-26,04:10:00,Female,Pedda waltair,Visakhapatnam,Andhra pradesh
1972-12-17,07:45:00,Male,Kothapeta,Visakhapatnam,Andhra pradesh
1978-07-05,07:35:00,Male,Purnamarket,Visakhapatnam,Andhra pradesh
1976-08-18,20:10:00,Female,Kothapeta,Visakhapatnam,Andhra pradesh
2011-11-22,14:30:00,Male,K.G.H Hospital,Visakhapatnam,Andhra pradesh
2008-06-26,11:30:00,Female,K.G.H Hospital,Visakhapatnam,Andhra pradesh
1985-02-10,04:20:00,Female,Gajuwaka,Visakhapatnam,Andhra pradesh
2010-02-02,15:10:00,Male,Daba gardens,Visakhapatnam,Andhra pradesh
2004-01-29,02:20:00,Male,M.V.P colony,Visakhapatnam,Andhra pradesh
2005-10-29,09:00:00,Male,Parvathipuram,Visakhapatnam,Andhra pradesh
2015-02-12,05:30:00,Female,Parvathipuram,Visakhapatnam,Andhra pradesh
2016-10-25,10:30:00,Female,Parvathipuram,Visakhapatnam,Andhra pradesh
2020-01-18,12:30:00,Male,Parvathipuram,Vizianagaram,Andhra pradesh
2018-12-15,10:00:00,Female,Parvathipuram,Vizianagaram,Andhra pradesh
1976-12-18,03:30:00,Female,Parvathipuram,Vizianagaram,Andhra pradesh
2008-03-21,08:30:00,Female,Parvathipuram,Vizianagaram,Andhra pradesh
2010-12-24,08:00:00,Female,Parvathipuram,Vizianagaram,Andhra pradesh
2015-07-24,08:15:00,Male,Town Kotha road,Visakhapatnam,Andhra pradesh
2020-01-16,04:20:00,Female,Town Kotha road,Visakhapatnam,Andhra pradesh
2019-01-19,13:00:00,Female,Town Kotha road,Visakhapatnam,Andhra pradesh
2021-06-19,10:30:00,Male,Town Kotha road,Visakhapatnam,Andhra pradesh
1985-05-31,11:15:00,Male,Garividi PHC,Vizianagaram,Andhra pradesh
2020-12-22,12:15:00,Female,RIMS,Srikakulam,Andhra pradesh
2017-04-25,11:17:00,Female,RIMS,Srikakulam,Andhra pradesh
2012-03-08,23:45:00,Male,RIMS,Srikakulam,Andhra pradesh
2013-07-17,17:39:00,Male,RIMS,Srikakulam,Andhra pradesh
2014-02-18,11:45:00,Male,RIMS,Srikakulam,Andhra pradesh
2002-06-05,12:15:00,Male,RIMS,Srikakulam,Andhra pradesh
1996-05-12,15:55:00,Male,RIMS,Srikakulam,Andhra pradesh
1992-08-02,01:45:00,Male,RIMS,Srikakulam,Andhra pradesh
1996-05-16,03:35:00,Female,RIMS,Srikakulam,Andhra pradesh
1995-08-12,20:45:00,Male,RIMS,Srikakulam,Andhra pradesh
1998-02-15,13:37:00,Male,RIMS,Srikakulam,Andhra pradesh
1995-03-12,12:55:00,Male,RIMS,Srikakulam,Andhra pradesh
1998-02-15,11:47:00,Male,RIMS,Srikakulam,Andhra pradesh
1992-07-12,19:11:00,Male,RIMS,Srikakulam,Andhra pradesh
1998-12-10,10:45:00,Female,RIMS,Srikakulam,Andhra pradesh
1995-06-22,07:25:00,Female,RIMS,Srikakulam,Andhra pradesh
1995-08-26,11:27:00,Male,RIMS,Srikakulam,Andhra pradesh
1996-05-28,08:45:00,Female,RIMS,Srikakulam,Andhra pradesh
1992-08-09,07:11:00,Female,RIMS,Srikakulam,Andhra pradesh
2014-04-17,11:11:00,Male,RIMS,Srikakulam,Andhra pradesh
2015-12-06,15:45:00,Male,RIMS,Srikakulam,Andhra pradesh
1984-04-20,18:30:00,Male,RIMS,Srikakulam,Andhra pradesh
1986-01-31,22:30:00,Female,RIMS,Srikakulam,Andhra pradesh
1999-07-10,10:30:00,Male,RIMS,Srikakulam,Andhra pradesh
1999-08-15,09:30:00,Male,RIMS,Srikakulam,Andhra pradesh
2001-06-10,20:30:00,Male,RIMS,Srikakulam,Andhra pradesh
1999-04-05,07:55:00,Male,RIMS,Srikakulam,Andhra pradesh
2003-07-07,12:33:00,Male,RIMS,Srikakulam,Andhra pradesh
1990-08-16,20:30:00,Female,RIMS,Srikakulam,Andhra pradesh
1996-04-02,07:30:00,Female,RIMS,Srikakulam,Andhra pradesh
1998-05-07,18:30:00,Female,RIMS,Srikakulam,Andhra pradesh
2006-07-06,19:30:00,Male,RIMS,Srikakulam,Andhra pradesh
1998-02-25,08:50:00,Female,RIMS,Srikakulam,Andhra pradesh
1999-05-06,09:30:00,Male,RIMS,Srikakulam,Andhra pradesh
1999-12-12,05:30:00,Male,RIMS,Srikakulam,Andhra pradesh
1999-06-03,19:55:00,Female,RIMS,Srikakulam,Andhra pradesh
1999-10-12,07:20:00,Male,RIMS,Srikakulam,Andhra pradesh
1999-07-22,09:30:00,Male,RIMS,Srikakulam,Andhra pradesh
1996-04-18,16:30:00,Male,RIMS,Srikakulam,Andhra pradesh
1995-08-01,07:30:00,Male,RIMS,Srikakulam,Andhra pradesh
1994-02-08,22:35:00,Male,RIMS,Srikakulam,Andhra pradesh
1992-03-16,12:50:00,Male,RIMS,Srikakulam,Andhra pradesh
1996-04-05,07:30:00,Male,RIMS,Srikakulam,Andhra pradesh
1992-06-09,08:30:00,Male,RIMS,Srikakulam,Andhra pradesh
2018-01-13,11:45:00,Male,Parvathipuram,Visakhapatnam,Andhra pradesh
1997-09-11,17:30:00,Male,Parvathipuram,Visakhapatnam,Andhra pradesh
1999-11-07,12:45:00,Female,Bobbili,Vizianagaram,Andhra pradesh
2008-03-12,03:30:00,Female,Akkayapalem,Visakhapatnam,Andhra pradesh
2010-03-20,05:55:00,Male,Akkayapalem,Visakhapatnam,Andhra pradesh
2020-07-06,06:15:00,Female,Akkayapalem,Visakhapatnam,Andhra pradesh
1992-02-12,04:55:00,Male,RIMS,Srikakulam,Andhra pradesh
1986-10-13,22:45:00,Female,RIMS,Srikakulam,Andhra pradesh
1980-12-05,06:05:00,Male,Gollaprodu,East Godavari,Andhra pradesh
2008-09-05,06:15:00,Male,Prathipadu,East Godavari,Andhra pradesh
2011-08-23,06:10:00,Female,Prathipadu,East Godavari,Andhra pradesh
2005-05-06,06:30:00,Female,Garividi PHC,Vizianagaram,Andhra pradesh
2011-03-30,14:30:00,Female,Garividi PHC,Vizianagaram,Andhra pradesh
1996-04-24,07:20:00,Female,Garividi PHC,Vizianagaram,Andhra pradesh
2011-04-02,20:20:00,Female,Garividi PHC,Vizianagaram,Andhra pradesh
1995-07-31,14:10:00,Female,Garividi PHC,Vizianagaram,Andhra pradesh
1996-10-31,05:00:00,Female,Garividi PHC,Vizianagaram,Andhra pradesh
1990-12-28,06:30:00,Female,Garividi PHC,Vizianagaram,Andhra pradesh
1990-12-28,06:30:00,Female,Garividi PHC,Vizianagaram,Andhra pradesh
1999-06-25,09:00:00,Female,Garividi PHC,Vizianagaram,Andhra pradesh
2001-05-06,16:40:00,Female,Garividi PHC,Vizianagaram,Andhra pradesh
2018-11-19,20:30:00,Female,Garividi PHC,Vizianagaram,Andhra pradesh
2020-07-31,20:00:00,Male,Garividi PHC,Vizianagaram,Andhra pradesh
2002-04-09,17:20:00,Female,Rayagada,Rayagada,Andhra pradesh
2007-04-11,08:05:00,Male,Garividi PHC,Vizianagaram,Andhra pradesh
2019-11-22,19:33:00,Female,Garividi PHC,Vizianagaram,Andhra pradesh
2021-12-06,21:33:00,Female,Garividi PHC,Vizianagaram,Andhra pradesh
2015-05-19,17:30:00,Male,Garividi PHC,Vizianagaram,Andhra pradesh
2020-12-31,13:30:00,Female,Garividi PHC,Vizianagaram,Andhra pradesh
2016-11-19,11:30:00,Female,Garividi PHC,Vizianagaram,Andhra pradesh
2021-01-18,11:00:00,Female,Venkat Ramana Hpt,Vizianagaram,Andhra pradesh
2013-05-23,13:10:00,Female,Sai Rsngs Hpt,Vizianagaram,Andhra pradesh
2020-10-23,16:30:00,Male,Venkat Ramana Hpt,Vizianagaram,Andhra pradesh
1992-09-16,15:00:00,Female,Bhogapuram,Vizianagaram,Andhra pradesh
2011-09-14,13:00:00,Male,Mudidam,Vizianagaram,Andhra pradesh
2011-07-17,16:00:00,Male,Subadhramma,Vizianagaram,Andhra pradesh
2014-09-25,15:30:00,Female,Sai Rama Hpt,Vizianagaram,Andhra pradesh
1999-08-26,11:45:00,Female,Gosh Hpt,Vizianagaram,Andhra pradesh
2001-02-08,11:30:00,Male,Gosh Hpt,Vizianagaram,Andhra pradesh
1985-08-22,12:45:00,Female,Donkada,Vizianagaram,Andhra pradesh
1979-03-30,11:30:00,Male,Donkada,Vizianagaram,Andhra pradesh
2010-08-16,12:01:00,Male,Donkada,Vizianagaram,Andhra pradesh
2014-09-22,02:44:00,Female,Donkada,Vizianagaram,Andhra pradesh
2009-03-09,12:45:00,Female,Donkada,Vizianagaram,Andhra pradesh
2011-01-06,06:14:00,Female,Donkada,Vizianagaram,Andhra pradesh
2016-11-29,11:54:00,Male,Donkada,Vizianagaram,Andhra pradesh
2021-10-22,03:45:00,Female,Donkada,Vizianagaram,Andhra pradesh
2020-01-11,10:00:00,Male,Vizianagaram,Vizianagaram,Andhra pradesh
2021-09-15,11:00:00,Female,Vizianagaram,Vizianagaram,Andhra pradesh
2011-01-23,07:30:00,Male,Srikakulam,Srikakulam,Andhra pradesh
2008-10-17,12:10:00,Female,Vizianagaram,Vizianagaram,Andhra pradesh
2012-05-18,15:15:00,Male,Rajam,Rajam,Andhra pradesh
2009-08-30,10:55:00,Male,Vizianagaram,Vizianagaram,Andhra pradesh
2013-07-01,07:50:00,Female,Vizianagaram,Vizianagaram,Andhra pradesh
2015-03-19,05:30:00,Male,Vizianagaram,Vizianagaram,Andhra pradesh
2017-12-29,07:30:00,Male,Vizianagaram,Vizianagaram,Andhra pradesh
2002-02-05,09:30:00,Female,Vizianagaram,Vizianagaram,Andhra pradesh
2010-03-27,10:10:00,Male,Vizianagaram,Vizianagaram,Andhra pradesh
2012-10-31,16:20:00,Male,Vizianagaram,Vizianagaram,Andhra pradesh
2015-10-11,13:30:00,Male,Vizianagaram,Vizianagaram,Andhra pradesh
1999-12-24,04:10:00,Male,Vizianagaram,Vizianagaram,Andhra pradesh
2003-10-20,07:00:00,Male,Vizianagaram,Vizianagaram,Andhra pradesh
1977-04-02,16:00:00,Male,Parvathipuram,Vizianagaram,Andhra pradesh
1986-11-22,14:00:00,Female,Vizag,Vizag,Andhra pradesh
1988-11-22,07:35:00,Female,kakinada ,Kakinada,Andhra pradesh
2014-07-24,18:00:00,Male,Vizianagaram,Vizianagaram,Andhra pradesh
2016-12-14,16:50:00,Female,Vizianagaram,Vizianagaram,Andhra pradesh
1997-09-23,17:40:00,Female,Salooru,Vizianagaram,Andhra pradesh
1999-02-16,18:00:00,Male,Salooru,Vizianagaram,Andhra pradesh
2006-02-28,17:32:00,Male,Vizag,vizag,Andhra pradesh
1988-01-26,06:30:00,Female,Anakapalli,Vizag,Andhra pradesh
1991-09-01,11:00:00,Female,Mokalapadu,Vizianagaram,Andhra pradesh
1986-08-02,,Female,Kintali,Srikakulam,Andhra pradesh
1986-09-03,14:00:00,Male,Mokalapadu,Vizianagaram,Andhra pradesh
2016-04-14,17:00:00,Female,Vizianagaram,Vizianagaram,Andhra pradesh
2021-02-23,21:00:00,Female,Vizianagaram,Vizianagaram,Andhra pradesh
2009-01-31,15:00:00,Male,Vizag,Vizag,Andhra pradesh
2011-11-25,06:00:00,Male,Vizag,Vizag,Andhra pradesh
2005-10-20,13:00:00,Male,Vizianagaram,Vizianagaram,Andhra pradesh
2016-03-23,15:02:00,Female,Vizianagaram,Vizianagaram,Andhra pradesh
2012-04-04,18:10:00,Female,Vizianagaram,Vizianagaram,Andhra pradesh
2009-10-02,10:00:00,Female,Vizianagaram,Vizianagaram,Andhra pradesh
2005-09-09,09:30:00,Male,Vizianagaram,Vizianagaram,Andhra pradesh
2009-01-14,04:30:00,Female,Vizag,Vizag,Andhra pradesh
2019-03-01,16:00:00,Female,Vizag,Vizag,Andhra pradesh
2005-01-10,12:55:00,Female,Vizag,Vizag,Andhra pradesh
2005-09-17,09:00:00,Male,Vijayawada,Vijayawada,Andhra pradesh
2005-11-23,11:30:00,Male,Vijayawada,Vijayawada,Andhra pradesh
2006-06-26,11:00:00,Male,Vijayawada,Vijayawada,Andhra pradesh
2003-03-06,18:05:00,Male,Vizianagaram,Vizianagaram,Andhra pradesh
2009-01-05,14:43:00,Male,Vizianagaram,Vizianagaram,Andhra pradesh
2014-06-27,10:02:00,Female,Vizianagaram,Vizianagaram,Andhra pradesh
2001-09-16,12:35:00,Male,Vizianagaram,Vizianagaram,Andhra pradesh
2013-08-29,11:00:00,Male,Vizianagaram,Vizianagaram,Andhra pradesh
2018-05-30,10:00:00,Male,Vizianagaram,Vizianagaram,Andhra pradesh
2012-11-15,05:30:00,Male,Vijayawada,Vijayawada,Andhra pradesh
2014-10-24,04:25:00,Female,Vizianagaram,Vizianagaram,Andhra pradesh
2016-10-16,09:15:00,Female,Vizianagaram,Vizianagaram,Andhra pradesh
2017-10-08,13:00:00,Female,Vizianagaram,Vizianagaram,Andhra pradesh
2011-10-24,10:00:00,Male,Vizianagaram,Vizianagaram,Andhra pradesh
2014-11-02,06:30:00,Female,kakinada ,Visakhapatnam,Andhra pradesh
2018-11-23,03:30:00,Female,kakinada ,Visakhapatnam,Andhra pradesh
2014-02-25,11:30:00,Male,Vizianagaram,Vizianagaram,Andhra pradesh
2015-12-24,14:30:00,Female,Vizianagaram,Vizianagaram,Andhra pradesh
2008-05-08,13:15:00,Male,Vizianagaram,Vizianagaram,Andhra pradesh
2009-03-14,13:15:00,Male,Vizianagaram,Vizianagaram,Andhra pradesh
2011-10-08,10:05:00,Female,S.kota,Vizianagaram,Andhra pradesh
2007-02-01,15:00:00,Male,Vizianagaram,Vizianagaram,Andhra pradesh
2003-03-04,12:30:00,Male,Vizianagaram,Vizianagaram,Andhra pradesh
2011-12-02,11:00:00,Female,Vizianagaram,Vizianagaram,Andhra pradesh
2006-06-17,12:11:00,Male,Vizianagaram,Vizianagaram,Andhra pradesh
2009-09-25,12:05:00,Female,Vizianagaram,Vizianagaram,Andhra pradesh
2011-12-06,14:00:00,Male,Bharampur,Odisha,Odisha
2017-04-11,10:00:00,Female,Vizianagaram,Vizianagaram,Andhra pradesh
2003-07-16,02:45:00,Male,Hyderabad,Telangana,Telangana
1999-06-29,08:00:00,Male,Guntur,Guntur,Andhra pradesh
2000-01-01,12:00:00,Male,Macherla,Guntur,Andhra pradesh
2001-02-18,17:35:00,Male,Guntur,Guntur,Andhra pradesh
2001-10-24,14:56:00,Male,Chennai,Chennai,Chennai
2000-02-07,11:20:00,Female,Guntur,Guntur,Andhra pradesh
1999-12-18,14:30:00,Female,Guntur,Guntur,Andhra pradesh
1999-08-27,14:20:00,Female,Guntur,Guntur,Andhra pradesh
1998-09-21,03:30:00,Female,Guntakal,Anantapur,Andhra pradesh
1999-11-18,09:59:00,Male,Guntur,Guntur,Andhra pradesh
2000-04-22,11:49:00,Male,Chilakaluripeta,Guntur,Andhra pradesh
2000-06-20,18:45:00,Male,Guntur,Guntur,Andhra pradesh
2000-07-20,12:43:00,Female,Guntur,Guntur,Andhra pradesh
1997-08-01,05:30:00,Female,Guntur,Guntur,Andhra pradesh
2000-07-25,03:00:00,Female,Ponnur,Guntur,Andhra pradesh
2000-08-16,12:35:00,Male,Vemuliripadu,Guntur,Andhra pradesh
1997-07-11,19:30:00,Male,Guntur,Guntur,Andhra pradesh
1999-09-16,21:30:00,Male,Vijayawada,Vijayawada,Andhra pradesh
2000-10-05,07:36:00,Male,Narasaraopet,Guntur,Andhra pradesh
1999-12-27,09:30:00,Male,Nellore,Nellore,Andhra pradesh
2001-03-22,03:40:00,Female,Guntur,Guntur,Andhra pradesh
1999-02-19,05:46:00,Male,Guntur,Guntur,Andhra pradesh
2000-02-21,06:38:00,Female,Guntur,Guntur,Andhra pradesh
2000-04-26,12:50:00,Female,Guntur,Guntur,Andhra pradesh
2000-08-12,20:43:00,Male,Nellore,Nellore,Andhra pradesh
2000-01-03,12:30:00,Female,Narasaraopet,Guntur,Andhra pradesh
2000-04-30,18:30:00,Female,Tenali,Guntur,Andhra pradesh
2003-05-24,14:32:00,Male,Chennai,Chennai,Chennai
1999-10-15,19:30:00,Female,Karlapudi,Guntur,Andhra pradesh
2002-08-07,19:30:00,Female,Kj Hpt,Guntur,Andhra pradesh
2000-03-05,17:00:00,Male,Cherukupalli Hpt,Guntur,Andhra pradesh
1999-09-03,06:30:00,Male,Narasaraopet,Guntur,Andhra pradesh
2000-08-20,09:49:00,Male,Guntur,Guntur,Andhra pradesh
1998-07-24,08:00:00,Male,Gajuwaka,Vizag,Andhra pradesh
1999-11-19,19:00:00,Male,Guntur,Guntur,Andhra pradesh
2002-08-28,13:05:00,Female,Potluru,Guntur,Andhra pradesh
1999-10-20,22:50:00,Male,Guntur,Guntur,Andhra pradesh
2000-06-03,20:12:00,Male,Guntur,Guntur,Andhra pradesh
2001-03-01,08:41:00,Male,Tenali,Guntur,Andhra pradesh
1999-06-12,08:00:00,Male,Guntur,Guntur,Andhra pradesh
1999-11-25,21:15:00,Male,Guntur,Guntur,Andhra pradesh
1999-07-28,22:30:00,Male,Guntur,Guntur,Andhra pradesh
